Original_Score,learned_Scores,Ranking_Score_from_Postprocessing,Sensitive_Attribute
0.0,-0.0072346926,-0.0072346926,True
0.0,-0.005417675,-0.005417675,True
0.0,-0.05711718,-0.05711718,False
1.0,-0.0628676,-0.0628676,False
0.0,-0.06525664,-0.06525664,False
0.0,-0.08205159,-0.08205159,False
1.0,-0.08599298,-0.08599298,False
0.0,-0.13630442,-0.13630442,True
0.0,-0.18997572,-0.18997572,False
0.0,-0.25750023,-0.25750023,False
