Original_Score,learned_Scores,Ranking_Score_from_Postprocessing,Sensitive_Attribute
0.0,0.04966037,0.04966037,False
0.0,0.020310417,0.020310417,False
0.0,-0.10633315,-0.10633315,False
1.0,-0.100969926,-0.100969926,False
1.0,-0.110360876,-0.110360876,False
0.0,-0.1430987,-0.1430987,False
0.0,-0.16760243,-0.16760243,False
0.0,-0.22229664,-0.22229664,True
0.0,-0.2466136,-0.2466136,False
1.0,0.007352039,0.007352039,True
