Original_Score,learned_Scores,Ranking_Score_from_Postprocessing,Sensitive_Attribute
1.0,0.020763919,0.020763919,True
0.0,0.0019207895,0.0019207895,True
1.0,-0.0064431876,-0.0064431876,True
0.0,-0.0072164983,-0.0072164983,False
0.0,-0.0117008835,-0.0117008835,False
0.0,-0.081334725,-0.081334725,True
0.0,-0.08450605,-0.08450605,False
0.0,-0.12834357,-0.12834357,True
0.0,-0.13631444,-0.13631444,True
0.0,-0.13906066,-0.13906066,True
0.0,-0.186222,-0.186222,True
