Original_Score,learned_Scores,Ranking_Score_from_Postprocessing,Sensitive_Attribute
0.0,-0.020117544,-0.020117544,False
0.0,-0.07270946,-0.07270946,False
0.0,-0.14670128,-0.14670128,True
0.0,-0.14778624,-0.14778624,False
0.0,-0.15186882,-0.15186882,True
0.0,-0.16095944,-0.16095944,False
1.0,-0.17086576,-0.17086576,False
1.0,-0.21158119,-0.21158119,False
0.0,-0.2258974,-0.2258974,True
0.0,-0.3794464,-0.3794464,False
