Original_Score,learned_Scores,Ranking_Score_from_Postprocessing,Sensitive_Attribute
0.0,-0.16522695,-0.16522695,False
0.0,-0.14721616,-0.14721616,True
0.0,-0.20151462,-0.20151462,False
0.0,-0.2536277,-0.2536277,False
0.0,-0.21315552,-0.21315552,True
1.0,-0.2808875,-0.2808875,True
0.0,-0.36538652,-0.36538652,True
1.0,-0.14143313,-0.14143313,True
0.0,-0.11767896,-0.11767896,True
0.0,-0.12039064,-0.12039064,True
0.0,-0.14107348,-0.14107348,True
