Original_Score,learned_Scores,Ranking_Score_from_Postprocessing,Sensitive_Attribute
0.0,0.22652662,0.22652662,True
0.0,0.10324404,0.10324404,True
0.0,-0.36551505,-0.36551505,True
0.0,-0.1985466,-0.1985466,False
1.0,-0.1567855,-0.1567855,False
1.0,-0.12637754,-0.12637754,True
0.0,-0.10813968,-0.10813968,False
0.0,-0.08108781,-0.08108781,False
0.0,-0.033968866,-0.033968866,False
0.0,-0.033256665,-0.033256665,True
1.0,-0.0076529235,-0.0076529235,True
