Original_Score,learned_Scores,Ranking_Score_from_Postprocessing,Sensitive_Attribute
1.0,1.0,1.0,True
1.0,1.0,1.0,True
1.0,1.0,1.0,True
1.0,1.0,1.0,True
1.0,1.0,1.0,True
1.0,1.0,1.0,True
1.0,1.0,1.0,True
1.0,1.0,1.0,True
1.0,1.0,1.0,True
1.0,1.0,1.0,True
1.0,1.0,1.0,True
0.9285714285714286,0.9285714285714286,0.9285714285714286,True
0.9285714285714286,0.9285714285714286,0.9285714285714286,True
