Original_Score,learned_Scores,Ranking_Score_from_Postprocessing,Sensitive_Attribute
1.0,1.0,1.0,True
1.0,1.0,1.0,True
1.0,1.0,1.0,True
1.0,1.0,1.0,True
1.0,1.0,1.0,True
1.0,1.0,1.0,True
1.0,1.0,1.0,True
1.0,1.0,1.0,True
1.0,1.0,1.0,True
1.0,1.0,1.0,True
1.0,1.0,1.0,True
1.0,1.0,1.0,True
1.0,1.0,1.0,True
1.0,1.0,1.0,True
0.9411764705882353,0.9411764705882353,0.9411764705882353,True
0.9411764705882353,0.9411764705882353,0.9411764705882353,True
