Original_Score,learned_Scores,Ranking_Score_from_Postprocessing,Sensitive_Attribute
1.0,1.0,1.0,False
1.0,1.0,1.0,True
1.0,1.0,1.0,True
1.0,1.0,1.0,True
1.0,1.0,1.0,True
1.0,1.0,1.0,True
1.0,1.0,1.0,True
1.0,1.0,1.0,True
0.9090909090909091,0.9090909090909091,0.9090909090909091,False
0.9090909090909091,0.9090909090909091,0.9090909090909091,True
